id,first_name,middle_name,last_name,email,username,password,sex,telephone_number,date_of_birth,age,company_email,national_identity_card_number,national_identification_number,passport_number,bank_account,nationality,address_street,address_street_number,address_apartment_number,address_postal_code,address_city,address_address_line1,address_address_line2,company_name,company_domain,company_email,company_vat_identification_number,credit_card_card_vendor,credit_card_expiration_date,credit_card_number,credit_card _cvv
3SCqSyF3GtIuNF8WynsNFF,Madelyn,Victoria,Mcknight,mcknight@mail.com,madelynm,s5fQ7bsr,FEMALE,649-178-039,09/02/1991,27,madelyn.mcknight@alistinc.biz,437-14-1601,,JKBr2Agua,,AU,Cove Lane,52,,46699,San Francisco,52 Cove Lane,San Francisco 46699,Alist Inc.,alistinc.biz,info@alistinc.biz,55-0007783,Visa,01/20,4972090000000000,411
62FJsP85ehtKHc36Eg7Pfn,Scarlett,,Mcneil,scarlettmcneil@yahoo.com,scarlettm,B9N9XQ8O,FEMALE,660-595-8825,09/08/1961,57,scarlett.mcneil@furbaindustries.biz,684-36-1274,,JjcspVu1w,,AU,Tabor Court,183,,19439,New York,183 Tabor Court,New York 19439,Furba Industries,furbaindustries.biz,office@furbaindustries.biz,35-0001408,Visa,11/21,4552820000000001,918
76O6G5IyfIAbvMprtbExES,Carlos,,Wilkerson,wilkerson@yahoo.com,cwilkerson,LBhyUNGz,MALE,533-502-473,22/04/1969,49,carlos.wilkerson@terson.com,019-12-8629,,oOytbtKBa,,US,Aster Court,160,95,45251,New York,160 Aster Court APT 95,New York 45251,Terson,terson.com,contact@terson.com,57-0008251,Visa,05/20,4.22749E+015,156
60NClXPGgQSNIsHZf3rrKB,Jordan,,Jordan,jordanjordan@yahoo.com,jjordan,2as0kO1I,MALE,927-799-9935,23/08/1960,58,jordan.jordan@alistltd.com,254-38-7699,,YZO7NY5X5,,US,Herzi Street,39,,59003,New York,39 Herzi Street,New York 59003,Alist Ltd,alistltd.com,contact@alistltd.com,72-0001159,Visa,09/19,4698530000000000,399
2e2XcZ2KoLus0Iz49qnIBg,Zoe,,Lott,zoelott@yahoo.com,zoel,eut1qPt0,FEMALE,137-097-421,11/02/1990,28,zoe.lott@buapel.biz,888-42-1002,,WVla7e7Dk,,CA,Aster Court,133,3,12416,Washington,133 Aster Court APT 3,Washington 12416,Buapel,buapel.biz,contact@buapel.biz,86-0005077,Visa,09/20,4087280000000000,428
518alnhpHRroNl18F0oojz,Lucas,Nathaniel,Walters,lucaswalters@gmail.com,lwalters,az6kc9Tj,MALE,266-120-505,17/07/1979,39,lucas.walters@felicsllc.biz,590-82-7052,,ciRytg3d5,,US,Washington Walk,47,226,23792,New York,47 Washington Walk APT 226,New York 23792,Felics LLC,felicsllc.biz,office@felicsllc.biz,27-0008816,Visa,04/21,4775250000000000,512
7V3UpmQaNcXsYuYNrL5erZ,Brandon,,Gross,gross@mail.com,bgross,cU7z3nQG,MALE,726-745-601,26/03/1961,57,brandon.gross@vitae.biz,219-39-4866,,FSunLElQC,,US,Highland Place,22,,17315,Washington,22 Highland Place,Washington 17315,Vitae,vitae.biz,contact@vitae.biz,82-0006825,Visa,07/19,4929720000000000,439
279qryVju0mlhmk75SV0Cy,Mia,Lauren,Ortega,miaortega@mail.com,mortega,5VzgPyOn,FEMALE,987-312-7408,17/01/1977,41,mia.ortega@robutenialimited.eu,326-64-6572,,8vR48FpSg,,AU,Tabor Court,43,,65174,Washington,43 Tabor Court,Washington 65174,Robutenia Limited,robutenialimited.eu,company@robutenialimited.eu,74-0009912,Visa,04/20,4144150000000000,982
2PF4pwkwymBBdcQjxDE1Dp,Jonathan,,Joyce,jonathan.joyce@gmail.com,jjoyce,g52yIG6x,MALE,546-699-469,24/12/1955,62,jonathan.joyce@quicker.com,815-02-7616,,iZhJlxJQj,GB95LZXW41952836280106,AU,Highland Place,166,,58672,New York,166 Highland Place,New York 58672,Quicker,quicker.com,office@quicker.com,59-0002399,Visa,02/19,4325240000000000,885
2LrWMqdMev9YYyAN9qzaVP,Justin,,Browning,justinbrowning@mail.com,jbrowning,fDxFkTk5,MALE,077-651-2821,27/07/1996,22,justin.browning@datastore.biz,359-50-5869,,bs02pTdmR,,US,Tabor Court,55,318,16219,New York,55 Tabor Court APT 318,New York 16219,Datastore,datastore.biz,office@datastore.biz,59-0005548,Visa,12/18,4.47939E+015,713
4TOdj1e7XkuhsJ0nt0cveY,Alexander,,Gillespie,alexandergillespie@gmail.com,alexanderg,KhXmH90n,MALE,871-623-407,22/03/1954,64,alexander.gillespie@yrsaassociates.com,075-61-7622,,qSOXsXMyH,,GB,Washington Walk,156,62,11069,Miami,156 Washington Walk APT 62,Miami 11069,Yrsa Associates,yrsaassociates.com,contact@yrsaassociates.com,77-0007440,Visa,02/21,4890980000000000,972
4fbjKIzPcselth8usgDD2I,Gavin,Michael,Santos,gavinsantos@yahoo.com,gsantos,CQocNIv2,MALE,323-706-534,26/06/1978,40,gavin.santos@woodsassociates.biz,546-89-9283,,vFYizMAfy,,US,Ford Street,52,,86729,New York,52 Ford Street,New York 86729,Woods Associates,woodsassociates.biz,info@woodsassociates.biz,74-0002130,Visa,04/21,4148740000000000,684
56Sd4ZX63v3fYCbNRCxtAt,Anna,,Rosa,anna.rosa@mail.com,annar,w9EOWoKh,FEMALE,521-240-5143,28/06/1972,46,anna.rosa@datastoreindustries.biz,849-35-4906,,vfgyZXWAu,GB13PYOD61555850335804,US,Washington Walk,175,,85653,Miami,175 Washington Walk,Miami 85653,Datastore Industries,datastoreindustries.biz,contact@datastoreindustries.biz,06-0002694,Visa,09/20,4135650000000000,596
7G5aDp4MBRI996aipEyzKO,Alexander,,Puckett,alexander.puckett@gmail.com,alexanderp,E4Y1YnwN,MALE,198-853-215,31/07/1972,46,alexander.puckett@morsem.com,754-15-5877,,ITU2KP0Vy,,AU,Atkins Avenue,56,74,25948,Miami,56 Atkins Avenue APT 74,Miami 25948,Morsem,morsem.com,contact@morsem.com,61-0008078,Visa,02/19,4.19436E+015,153
3oxrsWH2Di7tIo080bPuTV,Annabelle,,Black,annabelle.black@mail.com,ablack,xah1RDgx,FEMALE,600-924-4689,30/07/1972,46,annabelle.black@adaptindustries.biz,462-79-5803,,nsfqvElnS,GB38IXMA30576552468212,AU,Stillwell Avenue,50,300,20289,New York,50 Stillwell Avenue APT 300,New York 20289,Adapt Industries,adaptindustries.biz,contact@adaptindustries.biz,39-0003068,Visa,07/21,4750300000000000,396
5FMxQjBZwM9u2ttLhZwqiI,Isabella,Jasmine,Merrill,merrill@gmail.com,isabellam,WtAfFFsi,FEMALE,528-016-639,10/05/1997,21,isabella.merrill@adapt.com,741-17-2578,,M69kKMiqs,,AU,Cove Lane,162,270,36188,San Francisco,162 Cove Lane APT 270,San Francisco 36188,Adapt,adapt.com,contact@adapt.com,52-0004018,Visa,03/20,4463900000000000,562
6z8FX9VkTumI3ATwDhG6yY,Layla,,Gonzales,gonzales@yahoo.com,lgonzales,VyT9A0CA,FEMALE,028-923-815,23/08/1985,33,layla.gonzales@erntograconsulting.com,138-56-4910,,aSQ0KXawd,,AU,Herzi Street,159,195,81458,New York,159 Herzi Street APT 195,New York 81458,Erntogra Consulting,erntograconsulting.com,info@erntograconsulting.com,14-0006517,Visa,07/21,4720820000000000,524
4R320JypU94ifLvsStQ4PN,Cameron,Noah,Briggs,briggs@mail.com,cbriggs,Klqs6Rar,MALE,549-387-0408,21/10/1963,55,cameron.briggs@nonosassociates.com,603-18-5368,,ReK9Nxphw,,US,Aster Court,136,76,33114,San Francisco,136 Aster Court APT 76,San Francisco 33114,Nonos Associates,nonosassociates.com,office@nonosassociates.com,68-0008822,Visa,11/20,4152290000000000,673
7hYGNlucCuwtLFmgxJSf93,Brianna,Ellie,Wolfe,brianna.wolfe@mail.com,briannaw,nViaS3iD,FEMALE,750-586-7598,27/04/1964,54,brianna.wolfe@alistindustries.biz,464-29-5518,,hLaVNLAnc,GB97BAGM72690016306929,GB,Highland Place,135,,82136,New York,135 Highland Place,New York 82136,Alist Industries,alistindustries.biz,office@alistindustries.biz,46-0004644,Visa,12/20,4448640000000000,492
2uYq1PR3rr7HUbi1ug8rHU,Lucy,Claire,Pena,lucy.pena@yahoo.com,lpena,wjhBDJ2q,FEMALE,985-294-674,05/04/1953,65,lucy.pena@quisucconsulting.com,736-72-2261,,CcQANrRjs,,GB,Tabor Court,91,280,7925,New York,91 Tabor Court APT 280,New York 07925,Quisuc Consulting,quisucconsulting.com,office@quisucconsulting.com,74-0003770,Visa,10/20,4763480000000000,106
3qFsJMlP5pEb1K22ONsLCi,Molly,,Horton,molly.horton@yahoo.com,mhorton,QqAPdRlE,FEMALE,941-826-8445,20/03/1979,39,molly.horton@yrsa.eu,405-53-7147,,q0Kn1liRC,GB52ZYYD00627971525184,CA,Herzi Street,121,,23735,New York,121 Herzi Street,New York 23735,Yrsa,yrsa.eu,contact@yrsa.eu,43-0003859,Visa,09/21,4227460000000000,284
1x1mg0yqa2h3Kzvxvaz6HJ,Charles,,Booker,charlesbooker@gmail.com,charlesb,zsdvmgov,MALE,891-803-410,03/05/1953,65,charles.booker@furba.eu,582-72-3184,,UqyTxIZAI,,GB,Ford Street,144,206,16210,San Francisco,144 Ford Street APT 206,San Francisco 16210,Furba,furba.eu,info@furba.eu,76-0003983,Visa,10/19,4827720000000000,743
5BTBA9gZBb4kCuRMkxegUP,Juan,Zachary,Mcneil,juanmcneil@gmail.com,juanm,zbVA9pyA,MALE,661-900-868,31/08/1991,27,juan.mcneil@quicklinkassociates.biz,297-42-1416,,YgB9LYf8h,,GB,Stillwell Avenue,50,,91562,New York,50 Stillwell Avenue,New York 91562,QuickLink Associates,quicklinkassociates.biz,office@quicklinkassociates.biz,82-0002938,Visa,06/20,4.14477E+015,193
7AneTyma9iy2gVQ3aPoi3A,Lauren,Jocelyn,Sullivan,lauren.sullivan@gmail.com,laurens,ZsIUueQM,FEMALE,271-548-3287,11/07/1989,29,lauren.sullivan@vitaeconsulting.biz,338-39-5249,,EK3YygJR0,GB72PCTK35637456469135,CA,Stillwell Avenue,161,59,45048,Miami,161 Stillwell Avenue APT 59,Miami 45048,Vitae Consulting,vitaeconsulting.biz,company@vitaeconsulting.biz,26-0002582,Visa,05/19,4734300000000000,904
31pKkWGHCx4Dv9osuk0iBS,London,Camila,Mathews,london.mathews@yahoo.com,lmathews,QyYpCJMj,FEMALE,217-641-297,08/04/1966,52,london.mathews@warst.com,052-11-7387,,vS3YyTGXO,,US,Stillwell Avenue,157,86,98755,San Francisco,157 Stillwell Avenue APT 86,San Francisco 98755,Warst,warst.com,contact@warst.com,82-0008195,Visa,10/21,4960670000000000,923
4uD32Dtoytv4rz0XIMFBoX,Autumn,,Bird,autumn.bird@yahoo.com,autumnb,2tfMItRL,FEMALE,875-108-338,01/10/1967,51,autumn.bird@flyhighlimited.eu,811-82-3635,,NepYwRdwR,GB60YBUQ31983449460132,US,Highland Place,95,,49008,Washington,95 Highland Place,Washington 49008,FlyHigh Limited,flyhighlimited.eu,contact@flyhighlimited.eu,59-0001323,Visa,04/21,4.30353E+015,80
5HZmPaGJ1NQjzRcotbaXmd,Aaron,,Richardson,aaron.richardson@gmail.com,aaronr,XfV1YhNY,MALE,206-880-2746,25/10/1975,43,aaron.richardson@morsemcompany.com,045-99-0344,,TqCRfPogT,GB46VZLH74200795174611,CA,Tabor Court,138,343,85994,New York,138 Tabor Court APT 343,New York 85994,Morsem Company,morsemcompany.com,office@morsemcompany.com,94-0006719,Visa,04/21,4.36345E+015,28
3fqwsFxxG6HTWwXxNkOPf1,Anna,,Walter,anna.walter@yahoo.com,awalter,YcjNLYqo,FEMALE,651-722-5186,03/12/1967,50,anna.walter@quicklink.biz,597-71-9149,,2v2FGIqmU,,US,Stillwell Avenue,24,,59750,Washington,24 Stillwell Avenue,Washington 59750,QuickLink,quicklink.biz,office@quicklink.biz,00-0002661,Visa,10/19,4.38982E+015,280
4Cmf2zDOxx2diMmhf4ShiN,Lydia,Brooklyn,Jimenez,lydiajimenez@yahoo.com,lydiaj,4wOgjmgP,FEMALE,263-567-0783,05/08/1997,21,lydia.jimenez@interdem.eu,189-23-5156,,tjcxmjMsG,,CA,Cove Lane,118,,50451,Miami,118 Cove Lane,Miami 50451,Interdem,interdem.eu,company@interdem.eu,67-0000509,Visa,08/19,4203430000000000,158
5vYnBM0TO6QRA1zvErhQOh,Isaac,,Burke,isaacburke@yahoo.com,isaacb,cLSy2xqa,MALE,160-312-8462,13/06/1995,23,isaac.burke@yrsallc.biz,062-19-6681,,bbMs2Y5ut,,CA,Atkins Avenue,176,300,7421,San Francisco,176 Atkins Avenue APT 300,San Francisco 07421,Yrsa LLC,yrsallc.biz,info@yrsallc.biz,66-0009051,Visa,04/20,4.44704E+015,735
4GB4NkbGLycEj1MVueS6IF,Bella,Jasmine,Potts,bellapotts@yahoo.com,bpotts,Tyi12OAQ,FEMALE,199-197-9975,09/04/1963,55,bella.potts@datastoreconsulting.eu,603-02-6132,,KU9fyobMh,,GB,Stillwell Avenue,198,,40472,Miami,198 Stillwell Avenue,Miami 40472,Datastore Consulting,datastoreconsulting.eu,contact@datastoreconsulting.eu,40-0006872,Visa,03/20,4.09257E+015,558
4cKdG7tTS99UIJF3LjPXK3,Luis,,Lester,luislester@yahoo.com,llester,r3sXqmRf,MALE,683-718-1465,11/04/1994,24,luis.lester@quisucllc.com,778-90-8284,,mDmIkdUap,GB25LLDB30617009422248,CA,Ford Street,126,134,30044,San Francisco,126 Ford Street APT 134,San Francisco 30044,Quisuc LLC,quisucllc.com,contact@quisucllc.com,23-0002072,Visa,11/19,4869910000000000,929
7gnlBNm9BeKdJHJ2fVwtf3,Reagan,,Donovan,reagan.donovan@gmail.com,rdonovan,zedRdeh1,FEMALE,941-644-7493,23/04/1965,53,reagan.donovan@datastore.biz,863-51-2454,,6KeQinVgp,GB06GLNG30736294140378,CA,Tabor Court,69,38,38664,New York,69 Tabor Court APT 38,New York 38664,Datastore,datastore.biz,office@datastore.biz,33-0004380,Visa,06/21,4683470000000000,806
7UobyPV7x7UzCMIk6RmnvH,Alexa,,Horn,alexa.horn@yahoo.com,alexah,lpRfPhCi,FEMALE,199-279-068,12/04/1979,39,alexa.horn@supermemoconsulting.biz,796-12-9456,,bcOXHBViF,,AU,Summer Place,73,25,41865,Miami,73 Summer Place APT 25,Miami 41865,SuperMemo Consulting,supermemoconsulting.biz,info@supermemoconsulting.biz,03-0006592,Visa,02/19,4184550000000000,38
4n4EyxNgxAgykHcP8KZYgK,Eva,,Lee,eva.lee@yahoo.com,elee,ic67rukF,FEMALE,746-038-9366,08/08/1974,44,eva.lee@quicklink.eu,360-80-0251,,nmxZUKO2S,,CA,Summer Place,189,297,61558,Miami,189 Summer Place APT 297,Miami 61558,QuickLink,quicklink.eu,info@quicklink.eu,54-0000040,Visa,03/19,4262130000000000,231
4Y5kqexzSRgS24XJxph8KP,David,Easton,England,davidengland@mail.com,dengland,vVNwJJGp,MALE,912-067-6556,12/05/1961,57,david.england@woodsindustries.biz,549-84-9023,,VMr2K77kq,,GB,Tabor Court,156,169,56850,Miami,156 Tabor Court APT 169,Miami 56850,Woods Industries,woodsindustries.biz,contact@woodsindustries.biz,37-0003535,Visa,06/19,4003830000000000,825
7YtV4JRILym6aIFH4RKbGG,Brianna,Andrea,Burns,brianna.burns@yahoo.com,bburns,DnwEyFRC,FEMALE,197-010-9386,26/09/1966,52,brianna.burns@adapt.com,219-09-8198,,id4b8IgXz,,AU,Herzi Street,38,179,65138,Washington,38 Herzi Street APT 179,Washington 65138,Adapt,adapt.com,info@adapt.com,52-0005620,Visa,11/21,4540030000000000,355
6ZkBg4IvjIXD3V9MBo7C5l,Alyssa,,Griffith,alyssa.griffith@yahoo.com,agriffith,U5KIq5mU,FEMALE,463-286-303,04/06/1968,50,alyssa.griffith@interdem.com,348-90-0835,,vtmjZt5jU,,US,Tabor Court,110,,55077,New York,110 Tabor Court,New York 55077,Interdem,interdem.com,contact@interdem.com,57-0004087,Visa,08/20,4.12292E+015,505
75rRTlQU352NVNg3dgu5SZ,Maya,,Bradshaw,maya.bradshaw@yahoo.com,mayab,E6pPMInj,FEMALE,971-267-302,16/10/1988,30,maya.bradshaw@datastore.biz,833-07-2769,,7H9A1Le44,,US,Ford Street,167,127,38912,Washington,167 Ford Street APT 127,Washington 38912,Datastore,datastore.biz,contact@datastore.biz,94-0001791,Visa,03/21,4527140000000000,730
2tz2FznoopPn9fKbQgzgD6,Andrew,Jack,Long,long@yahoo.com,along,Vwo6QHOj,MALE,427-233-509,19/07/1953,65,andrew.long@linger.eu,688-80-8178,,h24wmxWKW,,US,Cove Lane,150,,78453,Miami,150 Cove Lane,Miami 78453,Linger,linger.eu,contact@linger.eu,22-0006993,Visa,02/21,4016100000000000,148
4mcAc5vtLY1GUZE3Egh8C5,Hunter,,Conrad,hunter.conrad@mail.com,hunterc,XCh60tyC,MALE,938-444-5473,26/05/1990,28,hunter.conrad@datastoreinc.eu,858-22-5178,,Ymm6RtdSB,,US,Cove Lane,116,,12419,New York,116 Cove Lane,New York 12419,Datastore Inc.,datastoreinc.eu,info@datastoreinc.eu,10-0006428,Visa,07/21,4912780000000000,668
5ANwsyB5ImtPyTERvotPet,Jace,Carson,Wolfe,jace.wolfe@yahoo.com,jwolfe,8O7pEzQn,MALE,241-644-7886,04/07/1974,44,jace.wolfe@quisuc.com,077-52-9155,,7PnxYQjiW,,US,Washington Walk,13,11,84871,New York,13 Washington Walk APT 11,New York 84871,Quisuc,quisuc.com,office@quisuc.com,71-0008003,Visa,05/19,4577880000000000,231
3QaSBc8LwLv9ZeKUFOyTIV,Alexander,Wyatt,Robles,alexanderrobles@mail.com,alexanderr,5b5n5s1C,MALE,319-285-425,07/07/1966,52,alexander.robles@interdem.eu,615-81-4239,,qgEPvhQGB,GB94BOKV31214229505966,AU,Aster Court,64,196,6294,New York,64 Aster Court APT 196,New York 06294,Interdem,interdem.eu,info@interdem.eu,55-0008658,Visa,08/21,4481530000000000,298
62w6i6RZK5eUMhEuy9byzh,Katherine,,Porter,katherine.porter@gmail.com,kporter,S7wJ1SPz,FEMALE,279-685-089,17/06/1982,36,katherine.porter@woodsinc.biz,102-01-2394,,qUEubnXci,,AU,Cove Lane,146,,59168,Miami,146 Cove Lane,Miami 59168,Woods Inc.,woodsinc.biz,contact@woodsinc.biz,00-0008766,Visa,06/20,4529980000000000,387
4A4etCbBXloquR1KOeT4ZQ,Taylor,Samantha,Thomas,taylorthomas@yahoo.com,taylort,f9MHNy3z,FEMALE,983-075-826,20/10/1989,29,taylor.thomas@supermemo.biz,459-75-4657,,C12Xj2P5g,,AU,Herzi Street,86,,41786,Miami,86 Herzi Street,Miami 41786,SuperMemo,supermemo.biz,info@supermemo.biz,23-0003481,Visa,07/19,4783510000000000,147
2klUkg89ZH6MNAMEnaofbB,Anna,Lily,Gibson,annagibson@mail.com,agibson,FOhoVmzD,FEMALE,600-215-565,16/10/1992,26,anna.gibson@quicker.eu,661-86-3385,,k55fRpQh3,,GB,Cove Lane,93,249,34754,San Francisco,93 Cove Lane APT 249,San Francisco 34754,Quicker,quicker.eu,office@quicker.eu,57-0003186,Visa,01/19,4846550000000000,545
62Xve0lHvtXF9vT3RHtTW9,Jayden,,Delacruz,jayden.delacruz@gmail.com,jaydend,bsqWRj8F,MALE,081-160-8315,08/12/1963,54,jayden.delacruz@warstindustries.com,081-24-5785,,jcg1eUTHf,,GB,Cove Lane,21,198,35609,Miami,21 Cove Lane APT 198,Miami 35609,Warst Industries,warstindustries.com,office@warstindustries.com,90-0003541,Visa,04/21,4.25965E+015,211
3nKKr2L1n1MymAr61KXOam,Tristan,,Guerrero,tristan.guerrero@yahoo.com,tguerrero,8eenEFDY,MALE,887-201-5775,13/03/1969,49,tristan.guerrero@buapel.biz,156-92-8417,,qHvMcCDy7,,US,Ford Street,17,,73110,Washington,17 Ford Street,Washington 73110,Buapel,buapel.biz,info@buapel.biz,26-0003936,Visa,11/18,4946470000000000,612
7AXn3fZXbMVVc39oeuJ1H7,Bentley,Gavin,Lucas,lucas@gmail.com,bentleyl,WmPAK7QL,MALE,032-111-9232,15/09/1995,23,bentley.lucas@datastore.biz,268-36-2658,,AnaJTJm94,,GB,Washington Walk,87,4,83169,Washington,87 Washington Walk APT 4,Washington 83169,Datastore,datastore.biz,info@datastore.biz,87-0000413,Visa,01/21,4194190000000000,180
4VEMBs2Opf8NKnqAKuNZ6e,Caroline,,Melendez,carolinemelendez@yahoo.com,carolinem,ybVF6s6k,FEMALE,335-352-417,08/04/1992,26,caroline.melendez@adapt.biz,165-48-8318,,Fqd55izNx,GB11BZTD40041559305325,CA,Tabor Court,4,192,74115,Miami,4 Tabor Court APT 192,Miami 74115,Adapt,adapt.biz,contact@adapt.biz,04-0008938,Visa,06/21,4987170000000000,769
