id,first_name,middle_name,last_name,email,username,password,sex,telephone_number,date_of_birth,age,company_email,national_identity_card_number,national_identification_number,passport_number,bank_account,nationality,address_street,address_street_number,address_apartment_number,address_postal_code,address_city,address_address_line1,address_address_line2,company_name,company_domain,company_email,company_vat_identification_number,credit_card_card_vendor,credit_card_expiration_date,credit_card_number,credit_card _cvv
"6dArETgPCFbDNnVKTFnEbU","Aloys","","Jullien","aloys.jullien@orange.fr","ajullien","wVdCdz35","MALE","0831863822","1993-03-16",25.0,"aloys.jullien@spircommunication.net","97314450-F","","dWhuFU7uy","FR079898811768CEOLO6IYYC275","FR","Rue des Jardins","56","290","51551","Chatou","Rue des Jardins, 56 290","51551 Chatou","Spir Communication","spircommunication.net","contact@spircommunication.net","U2597453L","Visa","12/18","4469391643481996","957"
"3Dg1gKdSitYEBtWJp7PoDg","Antoine","Judicaël","Bayle","antoinebayle@hotmail.fr","antoineb","2nCZO5r6","MALE","0305571927","1985-09-16",33.0,"antoine.bayle@europacorpsa.fr","70435621-R","","j6YsLV2Rz","FR8609711022659A4K6Y5LWBW84","CA","Rue de la Mairie","78","","15493","Caen","Rue de la Mairie, 78","15493 Caen","Europacorp SA","europacorpsa.fr","ventes@europacorpsa.fr","V72158989","Visa","06/21","4517845673977571","631"
"4U2HbWfeT1pWTy29793LAp","Timothée","","Pages","timotheepages@yahoo.fr","tpages","qt86m7C2","MALE","0665027065","1987-11-26",31.0,"timothee.pages@aviationlatecoere.fr","63707093-P","","uS4vDBlPP",,"FR","Rue du Stade","122","113","32465","Vandœuvre-lès-Nancy","Rue du Stade, 122 113","32465 Vandœuvre-lès-Nancy","Aviation Latecoere","aviationlatecoere.fr","mail@aviationlatecoere.fr","U6170532E","Visa","04/19","4023779722605692","028"
"5I8QP1FnafNAlaUxTTPiDb","Zachary","Isaac","Logan","logan@gmail.com","zlogan","zI8Ru28i","MALE","047-246-8725","1983-06-28",35.0,"zachary.logan@flyhigh.eu","095-52-2385","","6m2GYlZoa",,"CA","Washington Walk","51","44","68162","Washington","51 Washington Walk APT 44","Washington 68162","FlyHigh","flyhigh.eu","info@flyhigh.eu","33-0006157","Visa","06/21","4242156892606385","262"
"7ORIYtryaeM1wHuLzwu95K","Isolde","","Husson","isoldehusson@yahoo.com","ihusson","vrxvBMFS","FEMALE","0021651567","1985-09-09",33.0,"isolde.husson@cegedim.gouv.fr","45545692-R","","jwIgp10jP","FR414389798948NPKP67PVKCG13","FR","Rue Pasteur","196","","85475","Versailles","Rue Pasteur, 196","85475 Versailles","Cegedim","cegedim.gouv.fr","direction@cegedim.gouv.fr","E8938182H","Visa","06/19","4673739363688723","015"
"7mCvy2N3ByoNPsPQDyCGIR","Małgorzata","Karolina","Kozak","malgorzatakozak@gmail.com","malgorzatak","VoVegqQO","FEMALE","+48138500264","1987-03-23",31.0,"malgorzata.kozak@beans.com","AIL463372","87032340029","TX3612794","PL17858248429161474860154268","PL","Zgrupowania AK „Kampinos”","58","","61-391","Stryków","Zgrupowania AK „Kampinos” 58","61-391 Stryków","Beans","beans.com","info@beans.com","7993956918","Visa","12/19","4077881727102231","628"
"5nXOgBOAjzFWoINFQh1zGl","Tapani","","Lundahl","lundahl@gmail.com","tlundahl","IwXH5Rr6","MALE","073-620 97 24","1983-10-14",35.0,"tapani.lundahl@tele2.com","63824269","831014-9714","57266002","SE0673091206146460459481","SE","Härdgången","130","","483 17","Kristianopel","Härdgången 130","483 17 Kristianopel","Tele2","tele2.com","kontakt@tele2.com","SE320929474701","Visa","04/19","4588595117528563","650"
"6sniOWIEZwQ6WShkhuWgRj","Lydia","","Morin","morin@laposte.net","lmorin","Ul6bgS8v","FEMALE","0346508943","1955-03-08",63.0,"lydia.morin@stef.gouv.fr","63802919-N","","zelbf9Pqb","FR242600846816JGI2HON01O945","CA","Rue du Stade","18","328","71917","Roubaix","Rue du Stade, 18 328","71917 Roubaix","Stef","stef.gouv.fr","mail@stef.gouv.fr","H14674160","Visa","05/19","4197931007288179","849"
"3aRwjGl72dY7aNsroaQB4m","Qamil","Xerxes","van der Schaft","qamil.van.der.schaft@yahoo.com","qvan der schaft","EdzJIbGf","MALE","047-085 91 03","1976-12-09",42.0,"qamil.van.der.schaft@stenaconsulting.se","23623534","761209-4511","86748760","SE6923317274440622361234","SE","Timmermansgränd","183","","270 48","Strängnäs","Timmermansgränd 183","270 48 Strängnäs","Stena Consulting","stenaconsulting.se","support@stenaconsulting.se","SE770517100201","Visa","04/21","4202630932370085","266"
"3J8jxk8I3TalVbfDtD2kxM","Veronica","Mónica","Flores","veronica.flores@ono.es","vflores","U61PngT4","FEMALE","+34 976-954-143","1957-10-29",61.0,"veronica.flores@tecnohispanas.l.cat","52724861-W","","M8aToA73t","ES7130534241806701005327","ES","Doctor Esquerdo","88","","47.759","La Coruña","Doctor Esquerdo, 88","47.759 La Coruña","TecnoHispana S.L.","tecnohispanas.l.cat","info@tecnohispanas.l.cat","H8201753I","Visa","10/21","4330674759803054","291"
"4o1NILMj5pFQFDjM2USJe4","Florie","Emma","Fontaine","floriefontaine@yahoo.fr","ffontaine","CMwDAYo7","FEMALE","0476084487","1981-12-19",36.0,"florie.fontaine@eurazeo.fr","70426094-P","","Wi9pVwfz3",,"CA","Rue de la Fontaine","135","","77705","Montigny-le-Bretonneux","Rue de la Fontaine, 135","77705 Montigny-le-Bretonneux","Eurazeo","eurazeo.fr","mail@eurazeo.fr","U9171342I","Visa","02/21","4499918214794896","749"
"6aeeNyOqJBq2juNuyCayI4","Ambroisie","","Hamon","hamon@yahoo.fr","ambroisieh","LSrJXwCK","FEMALE","0619200188","1969-01-29",49.0,"ambroisie.hamon@groupepizzornoenvironnementsas.fr","33191215-S","","7IBEHwDt8",,"CA","Rue Victor-Hugo","82","","98368","Le Tampon","Rue Victor-Hugo, 82","98368 Le Tampon","Groupe Pizzorno Environnement SAS","groupepizzornoenvironnementsas.fr","contact@groupepizzornoenvironnementsas.fr","U98918770","Visa","07/21","4772141970004396","692"
"5yDvWsqvbDnBoZJMq2WEoO","Maja","Oliwia","Sadowska","maja.sadowska@yahoo.com","msadowska","eCgwUIcD","FEMALE","+48894320130","1995-08-19",23.0,"maja.sadowska@linger.com.pl","ARI964758","95081963724","YX7037844","PL54747713830920297828997734","PL","Plac Wojska Polskiego","2","","26-984","Maniowy","Plac Wojska Polskiego 2","26-984 Maniowy","Linger","linger.com.pl","office@linger.com.pl","4691235830","Visa","09/20","4661953949816690","296"
"3OcDM8c0stzhaZIP5LizOR","Oskar","Igor","Trzciński","trzcinski@poczta.onet.pl","otrzcinski","mggkfmiY","MALE","+48117717383","1976-02-25",42.0,"oskar.trzcinski@memortech.pl","AXH299426","76022573899","RD4505172","PL08548943139546041879801699","PL","17 Stycznia","142","309","69-544","Dzianisz","17 Stycznia 142, 309","69-544 Dzianisz","MemorTech","memortech.pl","office@memortech.pl","1152090848","Visa","02/20","4565144795376099","861"
"5Gb74gAFxnJdeFWqk39IaN","Foulques","Dieudonné","Payet","foulquespayet@yahoo.fr","fpayet","H3UhcLYH","MALE","0045889349","1972-12-11",45.0,"foulques.payet@n.dentressanglesa.com","48311482-I","","QXKN9HULH",,"CA","Rue du Stade","163","243","77525","Arras","Rue du Stade, 163 243","77525 Arras","N. Dentressangle SA","n.dentressanglesa.com","mail@n.dentressanglesa.com","O3557227X","Visa","07/21","4109688722711490","203"
"6ZI0QefS54hqEOqqto8aG1","Parker","Noah","Mueller","mueller@mail.com","pmueller","QXE172WY","MALE","091-964-761","1962-06-25",56.0,"parker.mueller@morsem.eu","571-68-9862","","XbMiurHTV","GB10MWKB76290664942561","GB","Highland Place","113","","84200","Washington","113 Highland Place","Washington 84200","Morsem","morsem.eu","company@morsem.eu","23-0005137","Visa","07/19","4929902253011297","758"
"3Rgn0OZvLamMMnQG93yXHt","Alfonso","","Sanz","sanz@gmail.com","alfonsos","SRgE1EFg","MALE","+34 96-807-3482","1961-12-13",56.0,"alfonso.sanz@cattech.com","43188570-V","","3CbKKAp3j","ES2587987896091181595748","ES","Iglesia","96","84","31.116","San Fernando","Iglesia, 96 84","31.116 San Fernando","CatTech","cattech.com","contacto@cattech.com","Q7816332T","Visa","05/19","4857050609087615","359"
"6zFqrGP1xe87n0XMcmrb7N","Helmrich","Hansi","Küster","helmrich.kuster@yahoo.de","hkuster","BtOAF2J8","MALE","0040910709","1979-04-20",39.0,"helmrich.kuster@hansfrickgmbh.com","T17485391","","F92390786","DE44320060672929432620","DE","Köhlerplatte","102","35","04275","Nausitz","Köhlerplatte 102, 35","04275 Nausitz","Hans Frick GmbH","hansfrickgmbh.com","info@hansfrickgmbh.com","111109538","Visa","03/21","4589121529858974","272"
"4l0thspyTkiAdfHzrIom1f","Karolina","Klaudia","Nowicka","nowicka@interia.pl","karolinan","aY8gSZiA","FEMALE","+48451762519","1957-09-07",61.0,"karolina.nowicka@interdemcompany.com","ATQ720077","57090762569","DG5457725","PL03057018938639883433816268","PL","Roztoki","38","249","22-360","Nowy Tomyśl","Roztoki 38, 249","22-360 Nowy Tomyśl","Interdem Company","interdemcompany.com","office@interdemcompany.com","9329622459","Visa","04/21","4880851317805110","664"
"7HztOjHqUeKfpvliXIOMcJ","Pedro","","Grau","grau@yahoo.es","pgrau","2a40NjzK","MALE","+34 617-109-164","1979-11-09",39.0,"pedro.grau@tecnolandia.eu","88580309-Z","","HqZo4Mf0I","ES2891657167943128574675","ES","Nueva","74","","19.064","Gerona","Nueva, 74","19.064 Gerona","Tecnolandia","tecnolandia.eu","principal@tecnolandia.eu","S4282588R","Visa","09/20","4768416975007115","853"
"3lK37aUudawSh3dClA23VU","Álvaro","","Castillo","alvaro.castillo@yahoo.com","alvaroc","oV4DW9Hl","MALE","+34 99-188-9697","1987-03-17",31.0,"alvaro.castillo@cattechs.coop.es","10975139-N","","4gu25jQ1V","ES2660858979627265741674","ES","Alcalá","2","","09.023","San Fernando","Alcalá, 2","09.023 San Fernando","CatTech S.Coop.","cattechs.coop.es","ventas@cattechs.coop.es","J6323251N","Visa","11/20","4638063429141377","121"
"67ohKuqRPXDefuPJytzaao","Florentin","","Lefranc","florentin.lefranc@gmail.com","florentinl","1JoCvmBB","MALE","0951787108","1989-05-09",29.0,"florentin.lefranc@sogeclair.org","90756035-Q","","j9pENMkzS",,"CA","Grande Rue","100","92","20676","Boulogne-sur-Mer","Grande Rue, 100 92","20676 Boulogne-sur-Mer","Sogeclair","sogeclair.org","mail@sogeclair.org","X3861538A","Visa","10/20","4221846259688787","814"
"3jq6agF424NRj84QGWxveV","Jakub","","Marczak","jakub.marczak@gmail.com","jakubm","pFqn2Nsz","MALE","+48129252835","1989-12-05",29.0,"jakub.marczak@tersoncompany.com.pl","AQW564177","89120553812","YT8502510","PL18440407048000756914307874","PL","Szmaragdowa","29","","19-048","Brzozów","Szmaragdowa 29","19-048 Brzozów","Terson Company","tersoncompany.com.pl","company@tersoncompany.com.pl","4593916658","Visa","01/19","4307889661959773","730"
"52qbsBmyR9qRYWELBCCTQF","Natalie","Samantha","Coffey","natalie.coffey@gmail.com","nataliec","1R9FQaKA","FEMALE","477-770-7185","1974-08-24",44.0,"natalie.coffey@quicklinkconsulting.biz","460-52-8472","","UzgbbGyn0",,"US","Aster Court","138","","22448","Miami","138 Aster Court","Miami 22448","QuickLink Consulting","quicklinkconsulting.biz","info@quicklinkconsulting.biz","37-0001786","Visa","08/21","4946174006521464","088"
"5TRfzqfKMh5Php1PZ0gasw","Joanna","Päivikki","Germundsson","germundsson@spray.se","jgermundsson","wVmF3Zs3","FEMALE","073-120 35 86","1955-04-12",63.0,"joanna.germundsson@hexagonaktiebolag.com","98889253","550412-7829","60343415","SE0755804985267031744468","SE","Styrbordsgatan","192","","738 56","Mjölby","Styrbordsgatan 192","738 56 Mjölby","Hexagon Aktiebolag","hexagonaktiebolag.com","kontakt@hexagonaktiebolag.com","SE731110356301","Visa","01/19","4570369460756571","840"
"2FFPiZrP3pr5FSaXKqbgYm","Ana","Maria","Cruz","cruz@yahoo.com","acruz","0E8wRBmu","FEMALE","+34 976-599-365","1991-07-10",27.0,"ana.cruz@perezperez.com","66192420-N","","9dD4H4Vxl","ES4676628463518558789974","ES","Doctor Esquerdo","116","","52.747","Cádiz","Doctor Esquerdo, 116","52.747 Cádiz","PerezPerez","perezperez.com","ventas@perezperez.com","P0769030H","Visa","11/20","4089335960582837","682"
"3nlgNKuP2DNJX8n3EKP6Hd","Xiaowei","","Markman","markman@passagen.se","xiaoweim","NJ7GIAkd","MALE","08-817 10 37","1955-12-16",62.0,"xiaowei.markman@sonymobilecommunicationsltd.nu","97808288","551216-0259","03193401","SE8110856822606602000448","SE","Yttersta Tvärgränd","68","","473 51","Strängnäs","Yttersta Tvärgränd 68","473 51 Strängnäs","Sony Mobile Communications Ltd","sonymobilecommunicationsltd.nu","support@sonymobilecommunicationsltd.nu","SE781019385901","Visa","06/20","4798839825402430","620"
"5qNs4LIHhcdx6DwryaXSeu","Ursel","Margot","Reuß","urselreuß@gmx.com","ureuß","gJe7NaZd","FEMALE","0455496638","1988-09-06",30.0,"ursel.reuß@cycle-basar.eu","W96573633","","G62570209","DE76555715501737490994","DE","Kirchdornberger Straße","75","","43036","Wendeburg","Kirchdornberger Straße 75","43036 Wendeburg","Cycle-Basar","cycle-basar.eu","mail@cycle-basar.eu","894042905","Visa","12/18","4142870522897195","045"
"6SpZTdI1X2RxjaYAcxvv5u","Hiltraut","","Geiß","hiltraut.geiß@yahoo.de","hiltrautg","glR4cGSv","FEMALE","0133715959","1977-04-30",41.0,"hiltraut.geiß@floristikart&ambientegmbh&co.kg.net","R45882367","","C07971484","DE58212214007302604091","DE","Bulachweg","143","","96004","Gelnhausen-Höchst","Bulachweg 143","96004 Gelnhausen-Höchst","Floristik Art & Ambiente GmbH & Co. KG","floristikart&ambientegmbh&co.kg.net","info@floristikart&ambientegmbh&co.kg.net","877829114","Visa","03/20","4331995901693500","598"
"4uUfWTRAg01bSGdcA38k3w","Birger","","Simonsen","birgersimonsen@hotmail.se","birgers","XMmXwQJ1","MALE","007-827 97 88","1968-02-29",50.0,"birger.simonsen@seb.nu","35561341","680229-8858","70234128","SE0431885461919527045147","SE","Gillögagatan","191","","475 36","Uddevalla","Gillögagatan 191","475 36 Uddevalla","SEB","seb.nu","kontakt@seb.nu","SE136395992301","Visa","06/19","4229236377717266","652"
"5ycAmkpQKeSHFTou1yKlo9","Hansi","Emmeran","Weingärtner","hansi.weingartner@gmx.com","hweingartner","LqEbhQoc","MALE","0980101278","1988-08-11",30.0,"hansi.weingartner@museumshopdujardin.net","N50220978","","G47499765","DE85834826545929288537","DE","von-Behring-Straße","97","","86559","Kühbach-Winden","von-Behring-Straße 97","86559 Kühbach-Winden","Museumshop Dujardin","museumshopdujardin.net","mail@museumshopdujardin.net","288535747","Visa","04/19","4001285205488479","540"
"3tEZmA49OtbgjguOzPnfjp","Suzette","Anicée","Boulanger","suzetteboulanger@hotmail.fr","suzetteb","LEdsii5d","FEMALE","0425940466","1965-04-21",53.0,"suzette.boulanger@atari.org","50927149-D","","I44ZzA3dO","FR2856820534458P7VW01KRGM51","CA","Grande Rue","80","","76803","Bagnolet","Grande Rue, 80","76803 Bagnolet","Atari","atari.org","contact@atari.org","F4461803G","Visa","02/20","4568748238442990","545"
"2kcCCnqHd2yajDVwn3N9K5","Xavier","Glenn","Pers","pers@hotmail.se","xavierp","m0aDTxN0","MALE","072-336 97 52","1960-01-26",58.0,"xavier.pers@swedishmatchltd.se","86468745","600126-9031","31746245","SE6190955241719344518338","SE","Kaplansbacken","85","","728 83","Hässleholm","Kaplansbacken 85","728 83 Hässleholm","Swedish Match Ltd","swedishmatchltd.se","support@swedishmatchltd.se","SE290807932601","Visa","05/21","4026242061357273","117"
"23sOxoMrvit63UtMa5hUpU","Anita","","Lindborg","anita.lindborg@yahoo.com","anital","9fK59WG8","FEMALE","055-159 91 59","1996-07-08",22.0,"anita.lindborg@tetrapak.nu","87844249","960708-7708","38417782","SE6836101005011612014389","SE","Essingeringen","6","","100 29","Sollefteå","Essingeringen 6","100 29 Sollefteå","Tetra Pak","tetrapak.nu","kontakt@tetrapak.nu","SE250907373601","Visa","03/21","4152269018886761","953"
"5mJBZxidVkm9fsvRjiHGOq","Paulina","","Kozak","paulina.kozak@yahoo.com","pkozak","JskFx122","FEMALE","+48582535740","1971-08-08",47.0,"paulina.kozak@hosteslimited.eu","BDZ919352","71080895747","PS7218234","PL11694262378801062052498965","PL","Prosta","38","","07-328","Nowy Tomyśl","Prosta 38","07-328 Nowy Tomyśl","Hostes Limited","hosteslimited.eu","info@hosteslimited.eu","6113854729","Visa","08/19","4595176997048708","211"
"6hgV0PbLsH2sxYDQg8lrWQ","Klaudia","","Bojarska","bojarska@gmail.com","klaudiab","xXEYQDLB","FEMALE","+48344496934","1979-06-26",39.0,"klaudia.bojarska@portacompany.pl","BFG545411","79062683566","RU6333709","PL07972724546380003727679050","PL","Pilarzy","145","","56-287","Janów Podlaski","Pilarzy 145","56-287 Janów Podlaski","Porta Company","portacompany.pl","info@portacompany.pl","4610490795","Visa","05/20","4226331272150797","007"
"6yMMOqMeTq2UBxzltF8q8n","Elisa","Alejandra","Dominguez","elisadominguez@ono.es","elisad","XtDAxv6H","FEMALE","+34 693-736-311","1971-08-29",47.0,"elisa.dominguez@aselesics.l.eu","39964448-O","","pnBA52riC","ES8399864647295688924191","ES","Gran Vía","21","","58.514","Córdoba","Gran Vía, 21","58.514 Córdoba","Aselesic S.L.","aselesics.l.eu","principal@aselesics.l.eu","T31679307","Visa","03/21","4987152367511563","591"
"4gSFbBUc1hJ13CCH91tn47","Patricia","","Pena","patricia.pena@yahoo.es","ppena","Z6bYzCL7","FEMALE","+34 95-574-1712","1980-03-17",38.0,"patricia.pena@infolopezs.l.es","78851572-N","","o5z0kUDyf","ES9247008303413970049505","ES","Gran Vía","80","5","57.766","Guadalajara","Gran Vía, 80 5","57.766 Guadalajara","InfoLopez S.L.","infolopezs.l.es","principal@infolopezs.l.es","O3378713A","Visa","01/21","4240699612448895","810"
"7lRbv5jDgFB8kzEanNDyA9","Justin","","Dominguez","dominguez@gmail.com","jdominguez","0dxEkTtj","MALE","887-941-505","1985-02-14",33.0,"justin.dominguez@buapel.biz","887-53-9541","","r44ggi1bc",,"CA","Atkins Avenue","63","120","10094","San Francisco","63 Atkins Avenue APT 120","San Francisco 10094","Buapel","buapel.biz","company@buapel.biz","72-0001137","Visa","01/21","4378315978297032","576"
"3eL39PeygvM45bslJ0l2tH","Wilja","","Herztler","wiljaherztler@spray.se","wiljah","MJySkeNu","FEMALE","08-467 75 61","1984-07-26",34.0,"wilja.herztler@ericsson.nu","51826148","840726-3329","01514511","SE1355493787071053637167","SE","Sollidsbacken","128","","366 09","Norrköping","Sollidsbacken 128","366 09 Norrköping","Ericsson","ericsson.nu","kontakt@ericsson.nu","SE310821707001","Visa","03/21","4809587603209504","570"
"5EhZDp4OeJfQzytBZQdLoT","国富","小明","蒋","国富蒋@gmail.com","国富蒋","XZQaBCLp","MALE","921-5380-0207","1995-10-17",23.0,"国富.蒋@65708bf465.org","351307197303211495","","LdXrI78ea",,"CN","内环路","80","","474151","广州","广州市内环路80号","邮编 474151","数说故事 金融投资有限公司","65708BF465.org","info@65708BF465.org","221111F157QWD4Q","Visa","03/20","4934040026669688","510"
"7DhGneIr6CyUVyw85bLG1P","Zéphir","","Bureau","zephir.bureau@gmail.com","zephirb","F5PGEznR","MALE","0525616182","1994-07-11",24.0,"zephir.bureau@orapisas.org","63748705-J","","qPjFg4aWd","FR6388017744144S1FOJDF7U100","CA","Rue Pasteur","120","","42710","Saint-Brieuc","Rue Pasteur, 120","42710 Saint-Brieuc","Orapi SAS","orapisas.org","ventes@orapisas.org","W70323089","Visa","04/19","4254392819610524","356"
"34NHGfFvCoqKjKWao5rfih","Kriemhild","","Kinzel","kriemhildkinzel@gmx.de","kkinzel","edsyKx2L","FEMALE","0200042571","1963-04-04",55.0,"kriemhild.kinzel@living2gmbh&co.kg.eu","X58169956","","H73899747","DE10704193542030819593","DE","Aronweg","117","","99975","Spreckel","Aronweg 117","99975 Spreckel","Living2 GmbH & Co. KG","living2gmbh&co.kg.eu","mail@living2gmbh&co.kg.eu","036343162","Visa","05/20","4658318335614189","296"
"4WzPVI3xUSu7tSGo9gxsTW","Alicia","","Molina","aliciamolina@yahoo.es","aliciam","TE4o57rk","FEMALE","+34 96-574-0420","1962-08-14",56.0,"alicia.molina@tecnomundos.a.es","39408652-Y","","Zvjt5Emrh","ES0985600105826762962284","ES","Nueva","147","","80.948","Burgos","Nueva, 147","80.948 Burgos","TecnoMundo S.A.","tecnomundos.a.es","contacto@tecnomundos.a.es","W7152989R","Visa","04/19","4488816489993131","430"
"5CXvLmJTie9XtPj5hOxOBt","Isaac","","Stanley","stanley@mail.com","istanley","SEJlnmSB","MALE","822-416-273","1958-09-11",60.0,"isaac.stanley@flyhigh.biz","771-53-1728","","8iR0NqFD5","GB94YYIH06748746417817","AU","Aster Court","145","","54867","San Francisco","145 Aster Court","San Francisco 54867","FlyHigh","flyhigh.biz","company@flyhigh.biz","24-0001458","Visa","07/21","4051529474153515","029"
"2JucrOHBwoAVTRPLNjWLTq","Marta","","Jimenez","jimenez@telefonica.es","mjimenez","7vlGK5as","FEMALE","+34 614-936-889","1972-10-08",46.0,"marta.jimenez@solucionesmartinez.es","48157036-P","","MCp5UvLX1","ES0685253162040731480416","ES","Menendez Pelayo","34","","25.080","Cartagena","Menendez Pelayo, 34","25.080 Cartagena","Soluciones Martinez","solucionesmartinez.es","info@solucionesmartinez.es","N2782776P","Visa","12/19","4264419658902015","489"
"4UWkW98a4zbsRUdMIiRX4T","Siegfrieda","Hilda","Woll","siegfrieda.woll@gmail.com","siegfriedaw","1OKyAb5D","FEMALE","0279530919","1964-05-02",54.0,"siegfrieda.woll@dieautowerkstatt.eu","T65637668","","G20575334","DE84244884096459894031","DE","Trögelsbach","119","","21061","Berge","Trögelsbach 119","21061 Berge","Die Autowerkstatt","dieautowerkstatt.eu","mail@dieautowerkstatt.eu","600497541","Visa","09/21","4954268359601300","435"
"5UKXEeWZ8C6KWl5meTVfbi","Barnabé","","Texier","texier@laposte.net","barnabet","whUrorBK","MALE","0197762609","1966-11-10",52.0,"barnabe.texier@nicoxsas.org","34257027-Y","","wEczByjOn","FR406270503548PSLALLMAK1066","FR","Rue des Écoles","175","","69957","Nevers","Rue des Écoles, 175","69957 Nevers","Nicox SAS","nicoxsas.org","ventes@nicoxsas.org","X7507188P","Visa","05/19","4099277464398500","315"
"4sDqz1JBpdD91Q4bIpKUmy","Ana","","Martinez","ana.martinez@ono.es","amartinez","EC4j9qV6","FEMALE","+34 91-148-2144","1983-03-22",35.0,"ana.martinez@tecnosanchezs.l.com","48405924-N","","8dV7hnA7y","ES3365951052061783809575","ES","Iglesia","65","","09.774","Lorca","Iglesia, 65","09.774 Lorca","TecnoSanchez S.L.","tecnosanchezs.l.com","principal@tecnosanchezs.l.com","N5250352D","Visa","05/19","4163684738007653","257"
"3Ff7zrlRQJuvMc1P9tnp91","国富","嘉斌","杨","国富杨@qq.com","国富杨","08lOk5UX","MALE","407-1306-0091","1992-03-04",26.0,"国富.杨@56fe5320.org","542809197003236609","","XcJ3r7AZy",,"CN","内环路","142","","196795","重庆","重庆市内环路142号","邮编 196795","图匠","56FE5320.org","contact@56FE5320.org","3202019LKFBN5I9","Visa","08/21","4530750640688900","107"
"3bcszADMA9LBhvFaRQpjFG","Léandre","Aubry","Lelievre","leandre.lelievre@free.fr","leandrel","Gq33ZNU2","MALE","0664701364","1971-12-25",46.0,"leandre.lelievre@swordgroupeurl.com","94259382-H","","BIwueMeSW",,"CA","Rue du Château","198","169","14567","Cambrai","Rue du Château, 198 169","14567 Cambrai","Sword Group EURL","swordgroupeurl.com","direction@swordgroupeurl.com","X6707361F","Visa","08/19","4338668648407392","804"
"66OxunSVeGHwn2hYhN5Wf3","Jakob","Jens","Wästeson","wasteson@passagen.se","jwasteson","vlGXMRKL","MALE","070-272 30 54","1969-09-30",49.0,"jakob.wasteson@gambro.com","88105126","690930-3114","45825442","SE1681675443890949196884","SE","Heliosgatan","41","","444 93","Älvsborg","Heliosgatan 41","444 93 Älvsborg","Gambro","gambro.com","support@gambro.com","SE360804925401","Visa","08/20","4226684636617871","966"
"7MFcbgWmPWAQl16FeFS21J","黛玉","雅芝","刘","刘@163.com","黛刘","EKkSXdIu","FEMALE","14908693","1957-12-20",60.0,"黛玉.刘@53435ea6.org","331202197501315193","","Bs28bQOp9",,"CN","海滨路","61","","233713","珠海","珠海市海滨路61号","邮编 233713","千度","53435EA6.org","com@53435EA6.org","220206UJME15O47","Visa","09/20","4556082290814118","363"
"21c3RhCSwCLzeOb8nB9YIM","Dietfried","Arwid","Anders","anders@yahoo.de","dietfrieda","n2io3cB4","MALE","0636350820","1995-03-30",23.0,"dietfried.anders@happypreisug.org","X84991486","","F09076206","DE21959706705389223156","DE","Pritzl","199","","69619","Haigerloch-Trillfingen","Pritzl 199","69619 Haigerloch-Trillfingen","Happy Preis UG","happypreisug.org","info@happypreisug.org","308819378","Visa","12/19","4320051808422339","875"
"4P7Ev0ghBal4jxg0pG1Jqw","Paweł","","Mrozek","pawel.mrozek@interia.pl","pawelm","X10jvlB8","MALE","+48139106489","1983-01-23",35.0,"pawel.mrozek@vitae.eu","AGV299148","83012324591","YS5590496","PL65838350808065178705516425","PL","Kłodawska","192","337","79-104","Podlesice","Kłodawska 192, 337","79-104 Podlesice","Vitae","vitae.eu","info@vitae.eu","5383525515","Visa","11/20","4667970456092725","490"
"25Y9XnWRzK3oHgyq5qIBeH","Raoul","Aymon","Humbert","raoul.humbert@yahoo.com","rhumbert","hyZWcynW","MALE","0981499938","1974-03-13",44.0,"raoul.humbert@txcellsarl.fr","76175812-D","","GTnpuUUbU","FR674757271752DML77W8EKMT52","FR","Rue Victor-Hugo","20","","72847","Niort","Rue Victor-Hugo, 20","72847 Niort","Txcell SARL","txcellsarl.fr","direction@txcellsarl.fr","Z1451807Q","Visa","10/19","4996497388786952","946"
"3ZCkrLwO13vsbt4fALMEnx","Klotilde","","Kuhnt","kuhnt@yahoo.com","kkuhnt","PNNM7jtK","FEMALE","0552612335","1955-11-30",63.0,"klotilde.kuhnt@fotohausseeger.net","R51854758","","J55150004","DE26354510291530253579","DE","Erich-Halbauer-Weg","14","153","52202","Kerken Aldekerk","Erich-Halbauer-Weg 14, 153","52202 Kerken Aldekerk","Fotohaus Seeger","fotohausseeger.net","mail@fotohausseeger.net","297974321","Visa","11/21","4178736006781667","225"
"2cUAzZVQlQf1QksuDfLnCd","Paweł","","Urbanek","pawel.urbanek@poczta.onet.pl","pawelu","5BB3fkcQ","MALE","+48093647626","1963-12-08",55.0,"pawel.urbanek@buapelllc.com","AFK639023","63120806712","FJ8559151","PL96670195429383372869027065","PL","Wodzisławska","118","7","13-489","Kępa k. Sochocina","Wodzisławska 118, 7","13-489 Kępa k. Sochocina","Buapel LLC","buapelllc.com","info@buapelllc.com","5842424453","Visa","12/20","4062331902260351","577"
"373eL4A9KorPzStt21Vr2m","云帆","雨泽","苏","云帆.苏@gmail.com","云苏","sfr2peqf","MALE","24475099994","1989-01-15",29.0,"云帆.苏@540e6d7791.cn","710505198610183254","","7ODdbouaJ",,"CN","江海大道","195","","503203","深圳","深圳市江海大道195号","邮编 503203","后海金融","540E6D7791.cn","com@540E6D7791.cn","131307MVLDVGKUK","Visa","08/19","4309179239305073","017"
"3TMqi68pyZhooyD1ibvUdj","Antide","","Hoarau","hoarau@orange.fr","antideh","6K1qYDVX","MALE","0234653275","1968-09-04",50.0,"antide.hoarau@mecelec.com","83274144-T","","IhipaACCJ",,"FR","Rue des Écoles","64","","93695","Bobigny","Rue des Écoles, 64","93695 Bobigny","Mecelec","mecelec.com","mail@mecelec.com","R2733892W","Visa","03/19","4029610696927883","340"
"7MuMaOGOM2O92lZyImkmCY","Armandine","","Keller","armandine.keller@hotmail.fr","armandinek","QJqbF8oE","FEMALE","0040947727","1965-05-11",53.0,"armandine.keller@eurodisneysa.org","99712257-X","","f9SO1lILU","FR403720880462HNNFYTZTQ6713","FR","Place de l'Église","185","","30168","Draguignan","Place de l'Église, 185","30168 Draguignan","Euro Disney SA","eurodisneysa.org","contact@eurodisneysa.org","S4317709M","Visa","03/21","4195730491043914","809"
"2CCtrP8lXXixplF1EcSCah","Maria","Paulina","Bochenek","mariabochenek@wp.pl","mariab","bZLbj16Q","FEMALE","+48289307818","1958-05-22",60.0,"maria.bochenek@flyhighconsulting.pl","BFD175543","58052266248","LZ7417654","PL46929281012917709741402542","PL","Władysława Bieńczaka","142","152","24-953","Puck","Władysława Bieńczaka 142, 152","24-953 Puck","FlyHigh Consulting","flyhighconsulting.pl","company@flyhighconsulting.pl","9828612893","Visa","02/19","4432756063360868","059"
"5yuMbS6GzR3o2IsUemXelb","Tyler","","Camacho","camacho@gmail.com","tcamacho","FIGO4aGy","MALE","944-141-151","1986-09-06",32.0,"tyler.camacho@furba.com","590-48-3424","","b3ctqJ3Pq",,"CA","Ford Street","95","","24479","New York","95 Ford Street","New York 24479","Furba","furba.com","company@furba.com","53-0009909","Visa","01/21","4776011623472710","691"
"3z3tAQQ0oRFguoaD4RVhhf","Zuzanna","Julia","Murawska","murawska@interia.pl","zmurawska","ExurJmea","FEMALE","+48314053828","1978-12-14",39.0,"zuzanna.murawska@quicker.com","BCD506801","78121456682","OL1375997","PL34635614435084309944397121","PL","Ludwicka","39","243","89-386","Rajgród","Ludwicka 39, 243","89-386 Rajgród","Quicker","quicker.com","company@quicker.com","4758338561","Visa","10/20","4239601085708444","326"
"4RvSO9upsW7w5dbtUDoqRx","宝华","曼文","吴","宝华.吴@sohu.com","宝华吴","49HevR0r","FEMALE","93860471911","1987-01-28",31.0,"宝华.吴@58545e0365.net","823002197510186906","","PcuMzmG4Y",,"CN","朝阳大街","136","1802","372129","哈尔滨","哈尔滨市朝阳大街136号 1802房","邮编 372129","塔布数据 有限公司","58545E0365.net","office@58545E0365.net","410901ZEBSIEE7K","Visa","04/20","4818567339666515","369"
"4eCQhPwPjOdDlxc5dX1NK3","Ditmar","","Rückert","ruckert@gmail.com","ditmarr","JPcVTP8M","MALE","0777040230","1996-09-15",22.0,"ditmar.ruckert@wirsingug.eu","N99818382","","F45957850","DE38634788596389358913","DE","Groppstraße","164","","30035","Dalldorf","Groppstraße 164","30035 Dalldorf","Wirsing UG","wirsingug.eu","info@wirsingug.eu","856319094","Visa","01/20","4049147551763091","722"
"2Sit0wBw35PTI8SxTVoMKE","Märta","Riitta","Wallberg","martawallberg@hotmail.se","martaw","jpeXw67D","FEMALE","0351-82 79 34","1986-12-04",32.0,"marta.wallberg@loomisholdingab.se","12285483","861204-3425","85690939","SE3682235051542415878617","SE","Skogvaktargatan","107","","561 55","Lidingö","Skogvaktargatan 107","561 55 Lidingö","Loomis Holding AB","loomisholdingab.se","support@loomisholdingab.se","SE639490922701","Visa","08/20","4965780397635956","947"
"5UbIsxAUt4eHnsvEtcyFCK","Paco","Pedro","Garcia","paco.garcia@terra.es","pgarcia","6eQYr9Yt","MALE","+34 674-548-356","1989-09-06",29.0,"paco.garcia@tecnomundo.cat","09660588-R","","HTYkhSsLn","ES6116602423512172903512","ES","Mayor","162","","74.734","Santiago de Compostela","Mayor, 162","74.734 Santiago de Compostela","TecnoMundo","tecnomundo.cat","contacto@tecnomundo.cat","R8333239T","Visa","05/19","4789144942388591","973"
"2HmSqICHU3cRUz6h8INIw9","Joseph","Aldéric","Gaudin","josephgaudin@gmail.com","jgaudin","adHvC8Nf","MALE","0474328233","1967-11-08",51.0,"joseph.gaudin@adocia.com","88326387-I","","J3ezEoPAb","FR323223090704TDILAV96TVE64","CA","Place de l'Église","135","","55517","Grenoble","Place de l'Église, 135","55517 Grenoble","Adocia","adocia.com","info@adocia.com","Z5362560F","Visa","12/18","4316444377073722","557"
"5ckoBEzWWddYswJh3luoGf","Alberto","Miguel","Jimenez","albertojimenez@terra.es","ajimenez","v55WzpIJ","MALE","+34 609-110-452","1963-03-11",55.0,"alberto.jimenez@progresoeinnovacions.a.com","75726161-G","","VWGfwFmZK","ES5027739435581783727452","ES","Doctor Esquerdo","89","","57.397","Cornellá de Llobregat","Doctor Esquerdo, 89","57.397 Cornellá de Llobregat","Progreso e Innovación S.A.","progresoeinnovacions.a.com","info@progresoeinnovacions.a.com","P4864261A","Visa","03/20","4695443518406511","523"
"2LYiGcQYJ3O3BMW4y0sqTF","Hulda","","Winther","hulda.winther@spray.se","hwinther","Pmpjb3vL","FEMALE","08-211 98 99","1957-01-09",61.0,"hulda.winther@gambroholdingab.se","33867080","570109-5944","52438888","SE6374736106024273581569","SE","Hornsgatan","109","","684 95","Norrtälje","Hornsgatan 109","684 95 Norrtälje","Gambro Holding AB","gambroholdingab.se","kontakt@gambroholdingab.se","SE761006620601","Visa","02/20","4132101293786934","686"
"7KWChoZjSgLPN5BgXwkJew","Ariana","","Pruitt","ariana.pruitt@gmail.com","arianap","wDlgYObJ","FEMALE","875-344-5969","1979-05-28",39.0,"ariana.pruitt@supermemo.biz","816-46-5439","","wlxiK9FCz",,"US","Washington Walk","16","","33611","New York","16 Washington Walk","New York 33611","SuperMemo","supermemo.biz","company@supermemo.biz","22-0001042","Visa","02/20","4166835851178021","143"
"5mdr87uov1hXFDd5emKYny","Armande","","Langlois","armande.langlois@yahoo.fr","armandel","k17d6dqf","FEMALE","0097602279","1984-01-24",34.0,"armande.langlois@biomerieux.com","14936335-B","","ipdLvlv1B","FR784242359689TCE2LUKPCWZ95","FR","Rue des Écoles","178","137","50743","Béziers","Rue des Écoles, 178 137","50743 Béziers","Biomerieux","biomerieux.com","direction@biomerieux.com","B1839434N","Visa","10/20","4080427777094210","861"
"3RLAbyHds71FzrutcRtP6p","Audrey","Georgette","Riou","audreyriou@laposte.net","ariou","plxDI1g1","FEMALE","0097680658","1973-09-08",45.0,"audrey.riou@insidesecure.fr","53265845-V","","LEBQsPM2w","FR740859739136A0YHZ6E195180","CA","Rue de la Mairie","60","","83006","Saint-Pierre","Rue de la Mairie, 60","83006 Saint-Pierre","Inside Secure","insidesecure.fr","direction@insidesecure.fr","J3330484F","Visa","05/20","4702844273332233","083"
"3tqkq5qWHC10NsiYsJYDM5","Francisca","Sofia","Romero","francisca.romero@yahoo.com","fromero","KZAhljny","FEMALE","+34 971-336-605","1982-02-19",36.0,"francisca.romero@infolopezs.l.eu","20320211-C","","iDOZAJbNH","ES7262231947648270548086","ES","Iglesia","185","321","93.181","El Puerto de Santa María","Iglesia, 185 321","93.181 El Puerto de Santa María","InfoLopez S.L.","infolopezs.l.eu","ventas@infolopezs.l.eu","B16887004","Visa","10/20","4318478771742985","127"
"3RMjyaPczi1nqpzfxL00Vr","Eugène","","Perrier","eugeneperrier@orange.fr","eperrier","5e2wpe2l","MALE","0328051737","1969-05-11",49.0,"eugene.perrier@foncieredepariseurl.org","17258416-S","","lwEjxYpuB","FR9868031697675D1B09IU3M926","CA","Rue de la Fontaine","54","241","37236","Rezé","Rue de la Fontaine, 54 241","37236 Rezé","Foncière De Paris EURL","foncieredepariseurl.org","mail@foncieredepariseurl.org","I7883592T","Visa","07/19","4498276480127825","049"
"5AthclQIzWhIRntpfVdiCy","Brianna","Khloe","Mooney","brianna.mooney@mail.com","briannam","AqLLiV9s","FEMALE","348-491-246","1976-08-10",42.0,"brianna.mooney@morsemassociates.eu","439-55-0589","","AkMFgjdHh",,"US","Ford Street","83","198","64147","San Francisco","83 Ford Street APT 198","San Francisco 64147","Morsem Associates","morsemassociates.eu","contact@morsemassociates.eu","51-0006299","Visa","12/19","4062707432399258","588"
"4qbBlHqaOa8mSy1gEVt06s","Maria Cruz","","Castro","maria.cruz.castro@terra.es","maria cruzc","wGRfePBI","FEMALE","+34 684-564-685","1958-10-19",60.0,"maria.cruz.castro@aselesic.eu","79068639-I","","w26FGt5Ne","ES3633317898686444611320","ES","Menendez Pelayo","26","315","03.250","Alcobendas","Menendez Pelayo, 26 315","03.250 Alcobendas","Aselesic","aselesic.eu","principal@aselesic.eu","P2150923N","Visa","01/19","4067712304015045","981"
"4hBOF635vCd0IOKm9qLp5d","Carolina","","Gutierrez","carolina.gutierrez@telefonica.es","cgutierrez","GHfycTbF","FEMALE","+34 974-215-594","1960-05-13",58.0,"carolina.gutierrez@progresoeinnovacions.l.cat","31335728-H","","1pWGYORrP","ES6516459342393094641008","ES","San Juan","8","","65.531","Orihuela","San Juan, 8","65.531 Orihuela","Progreso e Innovación S.L.","progresoeinnovacions.l.cat","contacto@progresoeinnovacions.l.cat","X3265062K","Visa","02/20","4292515694463759","265"
"59fYEOvi6XJV79dJqI9KJX","Zuhair","","Cronberg","zuhaircronberg@gmail.com","zcronberg","OUcLX39S","MALE","079-462 07 89","1984-11-21",34.0,"zuhair.cronberg@assaabloyaktiebolag.nu","00094022","841121-9119","26239800","SE4378039540673184185030","SE","Brantingsgatan","106","","189 18","Söderköping","Brantingsgatan 106","189 18 Söderköping","Assa Abloy Aktiebolag","assaabloyaktiebolag.nu","support@assaabloyaktiebolag.nu","SE865748680201","Visa","12/18","4725225894724862","495"
"3ADXz2OqtW3fSx2ZEolL9v","Kalevi","","Mathsson","kalevimathsson@gmail.com","kalevim","tsEyHahA","MALE","08-12 61 31","1986-10-17",32.0,"kalevi.mathsson@jmaktiebolag.com","34639817","861017-8090","19896332","SE0894536799992037318487","SE","Trädgårdsgatan","178","","552 56","Getakärr","Trädgårdsgatan 178","552 56 Getakärr","JM Aktiebolag","jmaktiebolag.com","kontakt@jmaktiebolag.com","SE649217745301","Visa","07/20","4818639876164772","150"
"3PSAwGd6qk7v3QAp6lW7GS","Danny","Marzel","Prause","danny.prause@web.de","dannyp","GUMCnstF","MALE","0271922222","1967-10-06",51.0,"danny.prause@anundverkaufrostock.de","X76087825","","H44362667","DE93834191600553513792","DE","Seewaldsiedlung","50","253","69541","Calbe","Seewaldsiedlung 50, 253","69541 Calbe","An und Verkauf Rostock","anundverkaufrostock.de","contact@anundverkaufrostock.de","520807330","Visa","07/21","4555786374615560","377"
"2QG35cabIwGUJ1fTKQEf1Q","Sven-Olof","","Torgersdotter","torgersdotter@yahoo.com","storgersdotter","sXT81hbV","MALE","08-524 381 41","1996-06-22",22.0,"sven-olof.torgersdotter@axfoodinc.com","67826805","960622-6612","76241268","SE1736658606336011505077","SE","Nils Ericsons Plan","178","","892 12","Alingsås","Nils Ericsons Plan 178","892 12 Alingsås","Axfood Inc.","axfoodinc.com","info@axfoodinc.com","SE900116425101","Visa","11/21","4796141300856574","665"
"3Fmn7axPSNLRK5cwI3ZGwb","Maria","","Plum","maria.plum@spray.se","mplum","Da1bxAbO","FEMALE","019-16 97 20","1974-02-04",44.0,"maria.plum@hexagon.nu","48130045","740204-9824","06083651","SE3941186629294593451743","SE","Dag Hammarskjölds Väg","5","","149 14","Kalmar","Dag Hammarskjölds Väg 5","149 14 Kalmar","Hexagon","hexagon.nu","info@hexagon.nu","SE270120222401","Visa","07/20","4883851506043603","842"
"5hHoVxlikO6rmqPJaEZO4u","Ulrich","","Lemaitre","ulrichlemaitre@yahoo.fr","ulemaitre","7s8mPGs7","MALE","0427356149","1976-11-14",42.0,"ulrich.lemaitre@technicolorrgpt.net","70635339-X","","3GwzTg2S5",,"CA","Rue Principale","113","148","63018","Noisy-le-Grand","Rue Principale, 113 148","63018 Noisy-le-Grand","Technicolor Rgpt","technicolorrgpt.net","contact@technicolorrgpt.net","B8462329O","Visa","05/19","4263674439755543","207"
"7bhuQddACoD7Yuug6aO31M","Rebeca","","Romero","rebeca.romero@terra.es","rebecar","n22DrCx9","FEMALE","+34 90-907-0943","1959-09-12",59.0,"rebeca.romero@solucionesmarquez.com","96125533-E","","LRwUReiqS","ES7698836987292582277735","ES","Sagunto","75","187","10.635","Las Palmas de Gran Canaria","Sagunto, 75 187","10.635 Las Palmas de Gran Canaria","Soluciones Marquez","solucionesmarquez.com","ventas@solucionesmarquez.com","N3548052H","Visa","10/20","4912036245480648","680"
"6W0MbZoxmbnbR703enbomQ","Hillevi","","Bjerger","hillevi.bjerger@hotmail.se","hbjerger","9uDz3ixY","FEMALE","079-841 15 23","1959-09-17",59.0,"hillevi.bjerger@billerudkorsnas.nu","95482137","590917-0481","89935989","SE4340019377000006063354","SE","Hazeliusbacken","191","","156 13","Skanör","Hazeliusbacken 191","156 13 Skanör","BillerudKorsnäs","billerudkorsnas.nu","kontakt@billerudkorsnas.nu","SE105110734801","Visa","06/20","4949920289984226","464"
"72x8lP9mvKeyuWuwbsuwxJ","Moïsette","","Huet","moisettehuet@orange.fr","moisetteh","oitSno8D","FEMALE","0419334546","1973-07-01",45.0,"moisette.huet@bolloresarl.fr","07123491-K","","Cw67VyMWt","FR658820306268C229EW3QL7659","CA","Rue de la Gare","31","22","81321","Saint-Benoît","Rue de la Gare, 31 22","81321 Saint-Benoît","Bollore SARL","bolloresarl.fr","info@bolloresarl.fr","R7626965M","Visa","04/21","4610977483587203","060"
"3qn5oJUVWcsu0C1TlCazRp","Armel","","Sellier","sellier@yahoo.fr","asellier","65VIDa86","MALE","0153321863","1980-03-14",38.0,"armel.sellier@boironeurl.net","16547050-O","","C5mO3dm4G","FR454796296351GIBZ7VFYSL741","CA","Rue Principale","168","","39246","Tours","Rue Principale, 168","39246 Tours","Boiron EURL","boironeurl.net","mail@boironeurl.net","D8015302N","Visa","08/19","4111248442111186","628"
"4wFXba2zYVy7vq2n5ifZmh","Adrian","","Szostak","adrian.szostak@interia.pl","adrians","VHUvODB1","MALE","+48139215773","1993-01-01",25.0,"adrian.szostak@vitae.com.pl","BBC781046","93010119699","ZG0606322","PL38545634250617404493275924","PL","Wschodnia","122","","24-351","Lublin","Wschodnia 122","24-351 Lublin","Vitae","vitae.com.pl","company@vitae.com.pl","8517203442","Visa","08/20","4287656539220397","613"
"5HdYxpbMizfj38NE0lzOam","Rebeca","","Gonzalez","rebecagonzalez@ono.es","rebecag","QbBzyJYF","FEMALE","+34 94-261-8770","1989-02-18",29.0,"rebeca.gonzalez@solucionesmarquez.com","83107251-B","","6C7Zlf8aS","ES7757096331793639735905","ES","Gran Vía","33","21","35.301","Coslada","Gran Vía, 33 21","35.301 Coslada","Soluciones Marquez","solucionesmarquez.com","atencion@solucionesmarquez.com","T3903879J","Visa","05/20","4274653768339316","007"
"66ycqFejTYa8myerMOUGM9","Donald","Felipe","Witte","donald.witte@gmail.com","donaldw","xQgRnqPB","MALE","070-990 80 64","1987-06-14",31.0,"donald.witte@vattenfall.com","00546585","870614-8874","56255450","SE6880603563388794396114","SE","Grenljusbacken","112","","049 34","Vaxholm","Grenljusbacken 112","049 34 Vaxholm","Vattenfall","vattenfall.com","info@vattenfall.com","SE850321056201","Visa","02/19","4891133816611415","277"
"2YBt18Wa73KucZSBSsVKHV","Ingobert","","Bichler","ingobertbichler@t-online.de","ibichler","wex24gkL","MALE","0628569509","1954-08-11",64.0,"ingobert.bichler@regenbogenapothekeohg.info","V33928091","","C06866440","DE25896114839099011152","DE","Wupperplatz","77","","80983","Sasbach","Wupperplatz 77","80983 Sasbach","Regenbogen Apotheke OHG","regenbogenapothekeohg.info","contact@regenbogenapothekeohg.info","158926417","Visa","08/20","4456314121308247","025"
"2dZGOZ1zhiXVjfIQbIzqhd","Ottobert","Marcel","Best","ottobert.best@yahoo.com","obest","UqBdQJA1","MALE","0505817829","1977-05-18",41.0,"ottobert.best@scherl.info","L39596160","","K65407800","DE94156698322400512729","DE","Victoria-Ufer","6","","31395","Laage","Victoria-Ufer 6","31395 Laage","Scherl","scherl.info","contact@scherl.info","243622729","Visa","12/20","4829937958439816","594"
